f0,f1,f2,f3,f4,f5,f6,f7,f8,f9,f10,f11,f12,f13,f14,f15,f16,f17,f18,f19,f20,f21,f22,f23,f24,f25,f26,f27,f28,f29,f30,f31,f32,f33,f34,f35,f36,f37,f38,f39,f40,f41,f42,f43,f44,f45,f46,f47,f48,f49,f50,f51,f52,f53,f54,f55,f56,f57,f58,f59,f60,life_expectancy_then
0.5300502656457275,0.1998911022142378,0.12782241952080897,1.9382460212792756,2.851331088842631,2.505939668070416,6.7687540818089555,3.313912630844591,1.9484531875612574,3.7645958922396807,1.2179130046937703,2.59056513926638,1.7329521610153056,1.2042917574248113,3.5222418717796717,1.1727162342048247,1.5084909779125433,4.864872784375166,0.5938169604610655,7.185803995032139,82.05965701044754,120.0,111.56222402718289,89.09173640049445,70.46478786127332,59.948011883199904,24.75938925887837,63.031354367449005,64.05374379953943,60.85233045253795,91.64698980715195,71.3202804831823,73.61948783678312,75.28943555829326,70.03967114243,90.1431100121877,67.04313006994713,55.33545447019854,98.71632497079082,47.24307513349228,6178.349303529736,6178.349303529736,6178.349303529736,6178.349303529736,6178.349303529736,6178.349303529736,6178.349303529736,6178.349303529736,6178.349303529736,6178.349303529736,6178.349303529736,6178.349303529736,6178.349303529736,6178.349303529736,6178.349303529736,6178.349303529736,6178.349303529736,6178.349303529736,6178.349303529736,6178.349303529736,62.233959571518604,42.49075160710469
3.035239097048847,1.5582504215505135,1.9940389476179272,2.2326185086421355,2.4618119693980334,0.9616164268488441,1.656951112527182,3.2965746609113786,5.304619203639641,0.6413148340937163,1.0317228156389289,2.5475695260689557,0.8711411681435864,0.6847781167213466,6.726405047748801,2.7432786694259716,1.9986380352859834,0.07666751852728529,1.057495010724036,3.7193573152671653,68.16204854220922,103.56919038584905,110.04202658284194,69.80268030041182,64.90877536520928,76.91597246180025,77.3076810185972,46.77542109858143,36.219655707283735,111.11250090765114,72.70513412118973,85.48298353554945,120.0,74.31730365007465,40.79523282139394,68.68329610064784,82.26313392081352,114.5958671295183,87.10583443690017,61.613421256432424,5392.635226753543,5392.635226753543,5392.635226753543,5392.635226753543,5392.635226753543,5392.635226753543,5392.635226753543,5392.635226753543,5392.635226753543,5392.635226753543,5392.635226753543,5392.635226753543,5392.635226753543,5392.635226753543,5392.635226753543,5392.635226753543,5392.635226753543,5392.635226753543,5392.635226753543,5392.635226753543,51.03572794468406,37.3600376412269
1.425456827516411,2.1524456890263215,4.847250297848889,5.41221960588571,5.386208504197137,2.7147588888856675,2.4658350263754207,2.9781669376041244,2.6073601851993407,1.8909152982365807,1.751877064575191,1.3120821985885391,0.23374932413310057,5.172542546729993,1.7750283760145473,2.6483068120002824,0.2819113757820358,2.5291187848362093,2.104754770202653,2.4898718472769437,89.28381084359002,80.07305325034937,59.147077479238185,44.964156596855766,41.745533863019375,76.83838945803701,67.04569732676056,80.89215906659891,79.90459497423532,100.34446691320811,75.75708457090518,82.2584462218002,108.27644790144355,57.590431947233206,91.9223670938572,89.41271358005518,87.54620339738081,86.41595357771654,65.5675448650992,61.23523064924139,5600.569517626837,5600.569517626837,5600.569517626837,5600.569517626837,5600.569517626837,5600.569517626837,5600.569517626837,5600.569517626837,5600.569517626837,5600.569517626837,5600.569517626837,5600.569517626837,5600.569517626837,5600.569517626837,5600.569517626837,5600.569517626837,5600.569517626837,5600.569517626837,5600.569517626837,5600.569517626837,32.53927369745673,7.7663310924512885
4.996131362128185,3.990959248096631,0.4827767691838046,5.03414806663297,6.6759824402490695,6.694070973053612,1.4325024663472392,3.4693905269711838,6.165249489199524,3.052428301071896,1.8218911199418244,1.5480563399196747,3.2035990514201296,4.7928051482391725,2.9816240914542385,0.6363513461171658,3.8419129975768147,8.082647923514822,0.5321467856158271,3.2481111480917684,43.71852780680594,69.13027049470325,112.40580613920592,54.48618154697571,32.33232378360081,42.53558536259635,92.13719783287432,61.59611456628212,39.19673328097586,59.92398642971842,96.22645117146959,70.92839499631525,54.88022330838049,59.73062689494356,47.91744989213433,93.02022525330246,46.21296637464296,21.98144222298356,116.08558799698027,61.053162768345764,6365.550935593821,6365.550935593821,6365.550935593821,6365.550935593821,6365.550935593821,6365.550935593821,6365.550935593821,6365.550935593821,6365.550935593821,6365.550935593821,6365.550935593821,6365.550935593821,6365.550935593821,6365.550935593821,6365.550935593821,6365.550935593821,6365.550935593821,6365.550935593821,6365.550935593821,6365.550935593821,78.94779739091942,48.72290020802003
0.8074321157331477,0.8432799424313692,1.3545459288649344,2.7064023998754574,3.498082944154674,2.8801051237345314,0.7395162914301969,4.411921186947498,1.0769756380140048,2.805946125497822,1.8399168296778539,3.0299120253886827,1.6346695417651553,4.387734562439513,2.595280076543673,6.9300294711039445,2.5472717968218967,3.4244147626411854,1.3241673016821611,4.272736609526465,110.84545775778446,68.16487909318793,94.47515215824035,67.6311557414156,23.938199869365953,76.17727990089095,89.11389355552414,47.99651718970447,90.23935990853681,69.35576583364656,84.55181884588575,52.454903367545064,94.07910891548214,42.71836757329554,74.7712157946902,45.55617515060361,58.21794079422022,87.4592007960865,54.20702317190252,55.078641347620696,5502.112494540581,5502.112494540581,5502.112494540581,5502.112494540581,5502.112494540581,5502.112494540581,5502.112494540581,5502.112494540581,5502.112494540581,5502.112494540581,5502.112494540581,5502.112494540581,5502.112494540581,5502.112494540581,5502.112494540581,5502.112494540581,5502.112494540581,5502.112494540581,5502.112494540581,5502.112494540581,38.44206035220348,18.807032802331477
6.336873916875794,1.7247704303776332,3.9481055416935504,4.773234668222244,2.86128269203853,2.3437662375083512,4.604051414030173,2.589452561581054,1.7467825049359094,2.6023591439427145,5.524968881887211,1.5779511362390852,1.8543553263525268,1.720362397945737,6.584656926537952,0.7590423290586078,2.083394575329493,2.052030912483231,7.623255738854825,1.7610445015355045,49.394821113090444,85.26241942926302,62.07339006008085,41.44973133308061,70.64100157360805,75.74111274118899,69.70786728954059,77.1392864344934,86.3126399752519,51.64420953170672,41.54378035985195,76.90186807717784,80.27841527149168,85.76557886669974,43.60625183485823,102.41606610562157,41.66828175939251,91.64456949720392,36.58853769129327,62.40870309302545,5439.733110410173,5439.733110410173,5439.733110410173,5439.733110410173,5439.733110410173,5439.733110410173,5439.733110410173,5439.733110410173,5439.733110410173,5439.733110410173,5439.733110410173,5439.733110410173,5439.733110410173,5439.733110410173,5439.733110410173,5439.733110410173,5439.733110410173,5439.733110410173,5439.733110410173,5439.733110410173,76.4988018644708,52.54088961904606
3.5653305043459125,1.7508036233312458,3.8770591384128488,3.6033496598487096,0.8699120739599718,1.7782774621955229,2.654048328644598,0.8607778269602719,1.408382554692704,1.0772451028469565,4.589294911909362,1.3006950778186168,0.31242118338441527,1.168370027282247,0.9261741036927663,3.944624511551051,2.331028952148105,0.7122616389580331,2.068187213604059,4.293215476484079,49.67242788430821,61.52209383069854,52.68929945197858,64.00104502048727,82.70592671275774,95.38822570332842,81.66828785890773,82.00360840368768,81.2163504409384,84.19042704626592,58.55039407935375,85.76381921828846,120.0,97.83308653765599,69.53995961163321,50.51839573580967,76.67608286774633,88.11200308402756,87.42500193517711,61.96630826828536,5262.694296054518,5262.694296054518,5262.694296054518,5262.694296054518,5262.694296054518,5262.694296054518,5262.694296054518,5262.694296054518,5262.694296054518,5262.694296054518,5262.694296054518,5262.694296054518,5262.694296054518,5262.694296054518,5262.694296054518,5262.694296054518,5262.694296054518,5262.694296054518,5262.694296054518,5262.694296054518,43.83844161899524,23.615565549148503
2.3124076272142875,8.613558006988656,1.1694467769694314,0.5617214774802718,2.2432738423507455,0.24742514592243217,1.4570526999925126,7.767925100040735,1.352970691406597,0.29794841263518995,0.8673005769488163,0.6025385344238859,6.6492869236451755,3.3955953113850317,2.288458683411705,1.3954191025626064,0.8044971154623368,0.9240020846026966,1.349563104048145,1.0072193440962363,96.88511328867581,23.23328497891646,82.54211824834674,102.26419163098247,82.13916450393458,120.0,79.23654803320414,33.58794469243184,109.05812140029482,120.0,76.76280514591718,106.2558197779027,43.50820921374631,62.776880894871304,82.6715856161253,109.99030204275626,90.99784405021015,70.95658823558088,110.05002168639972,84.71610822010153,5395.170297171271,5395.170297171271,5395.170297171271,5395.170297171271,5395.170297171271,5395.170297171271,5395.170297171271,5395.170297171271,5395.170297171271,5395.170297171271,5395.170297171271,5395.170297171271,5395.170297171271,5395.170297171271,5395.170297171271,5395.170297171271,5395.170297171271,5395.170297171271,5395.170297171271,5395.170297171271,51.02068486473535,32.164140387711534
7.644370291580972,2.679188036922024,3.1009995717464447,5.465341657258814,1.1819476181646955,1.1804205304237052,2.2302449533841644,2.4256067433716737,0.5415899574121836,2.2333736562891264,0.9509630829301198,3.1313677002958276,3.7328436872979758,2.4903311915601,1.0664887700804753,0.5018238767337511,5.476650239322825,4.724928711268321,1.6163734274091068,5.081266206005629,37.03555360686811,83.14119202753426,63.0904006496085,49.74514541058123,96.18063984717563,92.23067472519904,60.71831652073728,66.7395733983891,77.96599963505143,81.68163722354014,85.58555810165775,86.97914014756037,57.90708635088476,67.37167311441175,79.11239855641116,93.69415869336366,46.84799694924217,50.58611786753549,71.68764094561628,46.232290549690546,5158.439462690723,5158.439462690723,5158.439462690723,5158.439462690723,5158.439462690723,5158.439462690723,5158.439462690723,5158.439462690723,5158.439462690723,5158.439462690723,5158.439462690723,5158.439462690723,5158.439462690723,5158.439462690723,5158.439462690723,5158.439462690723,5158.439462690723,5158.439462690723,5158.439462690723,5158.439462690723,94.73480120038172,76.6867581621475
1.1445499859339074,2.290567687104474,7.1396654318390524,4.752568642494133,0.666315356458739,2.551691033649416,3.104903026560711,1.0043815585494602,1.5612158140295707,0.3189143132849097,1.8115488874554815,2.7539926311832383,3.6329956138325317,1.5812715508680075,5.258915869258336,0.8508670683501142,1.6142316826764522,2.339565150178895,1.2697398990180733,3.904805423710301,97.88676094919707,86.93800391744811,37.76041269380174,52.203040741655784,88.3607913210223,72.42542693628087,53.275245704847634,84.59779329881188,76.44821852414861,102.00783247284676,107.69855248077064,68.06976557474351,50.519061149065436,73.35362176663462,33.11456422258249,87.59563593028103,78.81955810366698,78.27994077357585,72.26756097780795,67.79484195841482,5315.607893366149,5315.607893366149,5315.607893366149,5315.607893366149,5315.607893366149,5315.607893366149,5315.607893366149,5315.607893366149,5315.607893366149,5315.607893366149,5315.607893366149,5315.607893366149,5315.607893366149,5315.607893366149,5315.607893366149,5315.607893366149,5315.607893366149,5315.607893366149,5315.607893366149,5315.607893366149,80.70000178519956,55.76147795592328
1.39117950241324,2.7283270246252225,2.6952610002163055,0.8950535769096707,4.959334384544882,0.7058918996795752,2.112797272279744,4.244654200919554,3.9103867142744164,2.751343525336932,1.3850455259061139,2.058756290727339,1.3776370392601214,1.9971633806790008,7.179249886593009,0.24651077605185528,1.9675472051927922,1.5742448570685676,1.6824347672948403,7.469096139274102,72.96586347283626,64.21943182723474,66.2604267868777,98.6740250594208,47.13773589535341,104.37636084621772,87.99805920460607,55.90733760099174,63.081013120042144,52.69492694879845,81.82980738645728,60.462973904082105,93.33088473325087,72.72028781336672,40.30619250634395,120.0,69.4624132712836,75.44005917865927,90.26823980747477,35.75925794451853,6109.53190503099,6109.53190503099,6109.53190503099,6109.53190503099,6109.53190503099,6109.53190503099,6109.53190503099,6109.53190503099,6109.53190503099,6109.53190503099,6109.53190503099,6109.53190503099,6109.53190503099,6109.53190503099,6109.53190503099,6109.53190503099,6109.53190503099,6109.53190503099,6109.53190503099,6109.53190503099,21.18726676422776,8.539087232582224
2.4533893353797467,1.8198311950307504,2.1441829843807576,1.2061612256897525,4.8057350907276355,1.4044025592917795,4.8578822024421155,2.183609675599808,3.6852606195877953,1.947863570678815,4.027517349404389,3.143130854450807,1.3628831229504086,3.5827854115225786,2.628411271032388,0.6251161588334742,8.159612724582884,1.2526595427009133,7.059834485150312,2.7864605940686094,79.2119293707564,72.58602637994687,84.77836662546025,90.37816605930296,52.40997786626187,100.75831775100131,41.11468259561728,85.64031320305686,47.509170959004145,69.77593356700069,54.86358428400572,52.28365415792903,86.57091699206127,50.46587284584132,62.65443358886271,80.38018892240812,31.3984136819183,70.92127870967126,31.96252349870771,62.987867782157636,5362.722416219583,5362.722416219583,5362.722416219583,5362.722416219583,5362.722416219583,5362.722416219583,5362.722416219583,5362.722416219583,5362.722416219583,5362.722416219583,5362.722416219583,5362.722416219583,5362.722416219583,5362.722416219583,5362.722416219583,5362.722416219583,5362.722416219583,5362.722416219583,5362.722416219583,5362.722416219583,77.3256950953597,61.815841879709374
2.485783208348075,2.50169632202489,3.1436217191949742,1.5573398770517415,2.961340608791973,5.943181219032857,3.7654197814556967,1.430971434495306,1.5587690514126713,0.6795940661941281,3.3608282385934833,0.838213929781815,1.8288789232650398,4.629938712255429,1.7682295774287042,3.4906404817532906,0.38781298766893507,0.6154781546747508,1.0820413693051505,3.8885388395038993,65.691023934903,67.6738802261084,65.89182089185564,54.15952580861942,57.12108561745622,55.51631807679591,61.143148977158816,93.28786882064782,59.10637061577695,114.9322927896888,61.584954926940846,86.78031305733406,78.97735126786509,55.858517827252676,74.30194013515225,71.29915706435679,79.93993859901381,118.22524562849563,80.71761735033765,47.104270703532855,5878.492575455475,5878.492575455475,5878.492575455475,5878.492575455475,5878.492575455475,5878.492575455475,5878.492575455475,5878.492575455475,5878.492575455475,5878.492575455475,5878.492575455475,5878.492575455475,5878.492575455475,5878.492575455475,5878.492575455475,5878.492575455475,5878.492575455475,5878.492575455475,5878.492575455475,5878.492575455475,91.75394762568243,72.9864657454241
3.4074052920742517,4.566869335300973,4.464755868451851,2.143008376250825,2.950121075514106,0.9306479690660239,6.125537306916974,1.4667099665689385,2.2950157176729373,0.45077528928476707,5.055923536081766,0.30158397440395757,0.6155219170185707,0.8712291420151386,3.097150631617849,0.7195249257960481,4.307031567448403,0.6873062573541001,3.7259268540718606,2.0105559431838262,80.3364225157587,48.403979862809294,56.356774961242245,104.43233082850723,63.073681477731874,120.0,40.0021274931746,93.26544307894645,64.20579297825725,87.69120182111179,57.891112822427345,89.08763899082325,94.06959351253809,101.86171234849748,67.22299433841356,105.60406042925891,62.54439127639842,69.08033330265779,42.230807905546854,54.087718067713254,5573.673616716696,5573.673616716696,5573.673616716696,5573.673616716696,5573.673616716696,5573.673616716696,5573.673616716696,5573.673616716696,5573.673616716696,5573.673616716696,5573.673616716696,5573.673616716696,5573.673616716696,5573.673616716696,5573.673616716696,5573.673616716696,5573.673616716696,5573.673616716696,5573.673616716696,5573.673616716696,37.350461386302904,18.057065416288015
5.414223821341869,4.593574152791049,2.162110111303279,6.942192761939623,1.8662336773475912,2.204446868700604,2.681643014872191,0.22604105095931434,0.7960957043492612,1.3218417434954135,0.656123949002748,1.6557916280418452,2.5919417131858635,0.521179218406177,0.5061965237254306,1.911866390699605,0.9814258929798819,1.7466419909971957,0.07270043425615445,3.955310054935724,45.44384268435406,49.021849277037646,53.56467488223668,39.43582345687232,70.9700818009759,76.8153598549969,69.71675034442015,102.04616258654207,84.62835066046625,92.60748083489831,80.84676325574253,90.76645051137062,78.88540271735681,79.32429664917991,84.27526006921043,82.9219399875734,80.46363356107985,78.16330442068043,117.34040418131717,70.88707176200008,5583.284403181144,5583.284403181144,5583.284403181144,5583.284403181144,5583.284403181144,5583.284403181144,5583.284403181144,5583.284403181144,5583.284403181144,5583.284403181144,5583.284403181144,5583.284403181144,5583.284403181144,5583.284403181144,5583.284403181144,5583.284403181144,5583.284403181144,5583.284403181144,5583.284403181144,5583.284403181144,84.26301663081497,65.56024006926661
4.181905827323404,1.2032137278823076,3.41899746230212,1.297646266301489,2.0847922783974915,2.0175515469620207,3.619809768049003,0.634620675117224,3.4671548646950656,0.9618065427473715,3.2692139470133323,1.8384900943739964,2.384743663392087,1.7347841052772914,1.4688272263367164,3.099861003224383,2.205843023648836,5.246019648604231,4.024632617300007,3.4089050363526447,62.519531437593216,95.54956872059458,65.70321546466677,79.87627794399575,58.92229172938389,80.89235912646662,53.00879841821238,92.64178876167502,69.27209936528858,90.02319632321135,69.64853287179908,87.79301220050596,60.971564798372675,92.60847577594234,89.9588921563007,64.32581970935426,61.753340435645235,44.50258511598192,68.51869411560753,67.57241322816351,6382.247482541317,6382.247482541317,6382.247482541317,6382.247482541317,6382.247482541317,6382.247482541317,6382.247482541317,6382.247482541317,6382.247482541317,6382.247482541317,6382.247482541317,6382.247482541317,6382.247482541317,6382.247482541317,6382.247482541317,6382.247482541317,6382.247482541317,6382.247482541317,6382.247482541317,6382.247482541317,68.76962543851074,41.35073471089022
1.429252102895574,1.6610539125583554,3.574774869057174,5.527337093517591,3.433872800933948,1.2873479911648904,0.39696259280399604,1.2913928101158578,5.574774534994445,0.8254251916441785,0.09791117569156298,2.8010796083076492,0.8452111261015716,0.9001616108043315,3.694212862595632,2.9571771602982433,1.8884098916354917,0.837693421901429,0.7895383523593259,0.3311899191174636,81.06971363194833,90.47983496153142,50.49193573434334,49.472082625146086,68.94729886610274,68.49145686786842,106.06881764801625,73.80907520267412,48.403159131500914,97.66882717475049,107.46884831279554,79.807606505136,104.11415876102946,92.34761672065234,46.902481150598916,62.25889955781972,93.83610574722417,88.93465948237753,87.61693358387234,110.49442190039944,5406.615346568699,5406.615346568699,5406.615346568699,5406.615346568699,5406.615346568699,5406.615346568699,5406.615346568699,5406.615346568699,5406.615346568699,5406.615346568699,5406.615346568699,5406.615346568699,5406.615346568699,5406.615346568699,5406.615346568699,5406.615346568699,5406.615346568699,5406.615346568699,5406.615346568699,5406.615346568699,49.14440041040359,31.21824945780007
1.4427495257721783,0.7891758443153878,2.0152063450185684,0.7751540170596154,1.5935805735136652,3.211967637559999,0.15421092696609692,0.6795022767581518,3.676482282878799,3.1507706575149834,6.219051564401027,0.40678438426077385,2.4949879993455215,3.63909950539396,0.526860565145822,4.27045680808243,2.450405926163159,0.5415528129634849,0.810683913897683,3.749111993286979,67.45924039088763,78.31045010689287,71.03644170131598,89.64902907123499,70.52948155270852,52.15601942265988,116.22477695071585,120.0,57.20294889718001,78.3470128953187,34.46889005036274,91.00203250570016,86.11927646511545,78.64456302881418,77.74551539281842,48.314385749761,80.98283850294598,98.9005379296006,111.2042930457551,67.5213054285793,5870.400634679083,5870.400634679083,5870.400634679083,5870.400634679083,5870.400634679083,5870.400634679083,5870.400634679083,5870.400634679083,5870.400634679083,5870.400634679083,5870.400634679083,5870.400634679083,5870.400634679083,5870.400634679083,5870.400634679083,5870.400634679083,5870.400634679083,5870.400634679083,5870.400634679083,5870.400634679083,93.89695983235522,76.9721682256304
2.5233681632286133,0.7551502067859842,0.18580955979904729,3.278394684348986,1.0392222012967773,5.395748818738386,8.668227966363265,1.0482031441911825,2.047388670287328,4.112855425628627,1.019664892783608,1.4775934395704642,4.55910647366305,3.375171743824551,2.7431017640544293,3.335921300989198,1.9987036252530714,0.6939089801894947,3.2456181826693906,6.537013046291593,85.0977380826854,120.0,118.51264300930868,52.16951937131763,103.12549537830283,46.45975074741608,26.744697835304596,70.99404532897064,72.83874000914767,58.692783224075455,72.20069846316395,71.21405773701026,53.8428496484628,61.159263119570575,65.08954666269264,67.0297344012358,88.78117148067425,80.95975134674183,61.05292027085176,44.69009257525827,5543.659150650212,5543.659150650212,5543.659150650212,5543.659150650212,5543.659150650212,5543.659150650212,5543.659150650212,5543.659150650212,5543.659150650212,5543.659150650212,5543.659150650212,5543.659150650212,5543.659150650212,5543.659150650212,5543.659150650212,5543.659150650212,5543.659150650212,5543.659150650212,5543.659150650212,5543.659150650212,43.774083102371584,25.97050305876331
3.9607353104068546,1.0490439091613037,3.076155971296615,0.7308088566662201,0.7321561402729841,1.3630570225698329,3.549339957625491,1.6240783999056425,1.443392322749114,0.784271002882602,0.6160363054136903,6.404871240465075,2.2995506198218507,1.8325892586963661,3.58833799691963,4.574375066564422,2.8543354576214557,1.9743571433491667,3.457900563139082,3.2203315213633945,47.07497435237404,73.50859088702133,49.00853554935582,79.43414923214273,87.59614366092889,70.95676711169828,66.53136308943955,89.96171916026427,85.12470675131773,95.7564742898497,92.86298794125577,38.19746379107794,50.662651558956256,83.53642881505246,57.23320128795382,63.98958481241705,53.66960516986758,86.61955090513662,53.96375500434228,45.66952611340491,5215.661304564864,5215.661304564864,5215.661304564864,5215.661304564864,5215.661304564864,5215.661304564864,5215.661304564864,5215.661304564864,5215.661304564864,5215.661304564864,5215.661304564864,5215.661304564864,5215.661304564864,5215.661304564864,5215.661304564864,5215.661304564864,5215.661304564864,5215.661304564864,5215.661304564864,5215.661304564864,31.826571041944568,13.516016803458745
1.8862364517513457,1.3790845004090067,3.5240622287248335,1.9930236631444538,5.917968856913514,0.5940069367498314,4.0737080449095915,1.9572799980485442,4.373997924915061,3.789533157787648,8.411520256645433,0.7938277081030134,0.673485001386384,2.0221721125321817,0.9768961334412197,2.411585298090522,3.267400756423699,1.6707995866252445,3.075610520678048,3.841333045714413,77.84329393792214,84.75391353647291,52.80052313296521,75.10103035093046,44.34113941734748,117.82121242921053,56.42918038202512,69.95944109885232,63.88540600513735,52.29422040833467,34.05129621624527,119.19472715589286,107.7201753717607,80.72031257303308,91.21612775646878,83.15656170004053,60.31646321781252,81.27775249319726,79.3865366438396,56.6231885233796,5186.745381625381,5186.745381625381,5186.745381625381,5186.745381625381,5186.745381625381,5186.745381625381,5186.745381625381,5186.745381625381,5186.745381625381,5186.745381625381,5186.745381625381,5186.745381625381,5186.745381625381,5186.745381625381,5186.745381625381,5186.745381625381,5186.745381625381,5186.745381625381,5186.745381625381,5186.745381625381,75.04011470429053,48.44794008961704
2.5387862265512475,3.3207826094496053,2.380782258585895,1.0252617999000149,0.884968983694688,1.9148073281512088,0.5971112723443589,2.1951905268659746,1.6813840405266145,0.8626430319367222,2.041181069508016,0.5591628683420226,6.272538479229064,1.6661948808175553,4.786039933803674,1.7507404029093996,0.5580654915227182,1.9557342985643613,3.835163899413772,1.501541335420906,78.01964627797142,41.18689470871762,68.01839130224877,105.13920260737066,73.17174775154757,67.07277511673853,96.16795118349619,53.34394748103366,88.73916987190309,65.31756170520197,67.95933968201412,104.7585267695056,38.83995413766258,63.07095706304173,63.92352855415779,88.49434142087154,97.09511261313727,76.31261784285239,48.055391832015076,98.05441175473896,5341.193568346837,5341.193568346837,5341.193568346837,5341.193568346837,5341.193568346837,5341.193568346837,5341.193568346837,5341.193568346837,5341.193568346837,5341.193568346837,5341.193568346837,5341.193568346837,5341.193568346837,5341.193568346837,5341.193568346837,5341.193568346837,5341.193568346837,5341.193568346837,5341.193568346837,5341.193568346837,99.54543047283897,81.11994687709372
2.2980421894369094,2.038661783735874,3.1750868613533894,0.7205290812044884,2.0860579634053167,2.4203495752944617,0.23576838459544566,6.1853940759729085,0.5166002452769243,1.215454562337631,2.1407836444048742,1.2649085555155668,1.3161269833817988,1.3863584328404646,0.9500740003210881,4.796632719537019,2.33134623352767,3.310470783330311,1.1538897266595192,1.2473200132354643,68.85961552381168,80.76104265364977,83.83604464685095,87.40252620844895,90.76118999011368,79.75173164466835,83.29267542413676,33.939339293609414,86.83698284473839,89.16723797440719,80.9315113978393,94.41151604332279,92.77343478320246,71.3249289497466,87.91808443683426,31.5509353916325,42.400403836442266,53.26229950332187,93.31403643277666,101.53418865493869,5440.788085336125,5440.788085336125,5440.788085336125,5440.788085336125,5440.788085336125,5440.788085336125,5440.788085336125,5440.788085336125,5440.788085336125,5440.788085336125,5440.788085336125,5440.788085336125,5440.788085336125,5440.788085336125,5440.788085336125,5440.788085336125,5440.788085336125,5440.788085336125,5440.788085336125,5440.788085336125,53.09201572624352,29.975758799361074
5.603425021211875,3.169019441507453,0.6584376357558248,0.6521996540100534,5.961717453135242,2.8406707145134096,5.127357048961064,4.311511265709107,1.1574015938760744,6.662329055599216,0.6994768539160059,2.9886768495332086,1.9296654313696022,5.51584991609202,5.854990637448367,0.36241574354063144,1.511950920881492,1.2284458873036281,0.7522303955959244,5.284244060900565,40.23659647552614,75.321430055238,120.0,86.70315743087059,52.20059754581077,79.8528259731527,44.181888426165266,49.67223713221348,99.57202287710982,41.212850152745105,95.44314943559745,57.37226321009286,98.7020230654586,42.545007564409,32.538806644838196,115.64628141280507,95.80928689272554,87.09339998224097,81.64026036948584,52.321237100263446,5622.157857262702,5622.157857262702,5622.157857262702,5622.157857262702,5622.157857262702,5622.157857262702,5622.157857262702,5622.157857262702,5622.157857262702,5622.157857262702,5622.157857262702,5622.157857262702,5622.157857262702,5622.157857262702,5622.157857262702,5622.157857262702,5622.157857262702,5622.157857262702,5622.157857262702,5622.157857262702,24.021246468339125,17.152044979087826
3.94614511438919,3.736536378655185,1.3386641924096618,0.33495578166534185,3.4253425827618664,2.6288280830359563,1.6301452050997867,1.582972063888911,0.26540622548137616,2.7501150920957786,3.6433560216649763,1.9678887518424457,2.3087861361633397,1.6365968541711406,1.2960826508008292,4.39529212615556,0.8491177227116851,3.0032424297880524,3.45605033651437,5.049559400083086,62.220307720946074,58.51188185036415,88.6430208937212,117.12340122318886,51.91556895467253,76.2352926718414,70.95749574174911,83.36593235483856,101.3744243216907,64.90695846583677,79.85245389382297,69.46262504408725,63.35796466582085,57.07647132525517,91.70249290838761,34.210080046234665,112.65520168897248,72.25275415420265,62.80064847037665,34.538318623542835,5478.926921279883,5478.926921279883,5478.926921279883,5478.926921279883,5478.926921279883,5478.926921279883,5478.926921279883,5478.926921279883,5478.926921279883,5478.926921279883,5478.926921279883,5478.926921279883,5478.926921279883,5478.926921279883,5478.926921279883,5478.926921279883,5478.926921279883,5478.926921279883,5478.926921279883,5478.926921279883,29.4628060676632,9.884845610600633
3.5390649230059728,0.6517222901439125,2.6206563515778925,2.2549581416232414,6.170401918864224,5.289783884518141,0.5953311840801648,1.4085237924730813,1.3072979959807616,3.3934209421140586,2.738768358542837,3.649470166916117,1.063470539912431,2.875280312899955,1.7725635323128963,2.279137206261186,0.8361765760085458,6.764382045184066,0.6571355237714838,3.162026842783453,50.76499785571178,108.2720681258686,78.9821151348785,81.55499684642967,44.7783626020395,46.09399947562325,85.70513659367974,39.02355313065853,80.68241019896291,61.83152127304502,37.13241335576477,52.06987656346334,88.08273846551306,55.51027573252692,62.00340189252165,47.03708179381151,67.01664474885352,33.59973619432622,79.8818987404106,74.47310704366168,5524.780823750407,5524.780823750407,5524.780823750407,5524.780823750407,5524.780823750407,5524.780823750407,5524.780823750407,5524.780823750407,5524.780823750407,5524.780823750407,5524.780823750407,5524.780823750407,5524.780823750407,5524.780823750407,5524.780823750407,5524.780823750407,5524.780823750407,5524.780823750407,5524.780823750407,5524.780823750407,25.4073961903765,16.023321182646853
0.577152918477501,6.4500679040085185,5.049997514154795,1.0265125077072301,3.795155277551619,1.304622895881017,1.9416588615468948,3.435562848383707,1.4029426557014435,7.353088441571133,2.3680669705893695,9.246999599858063,1.2031660219704496,1.027048686365716,5.357047606913202,2.8584995148441927,1.2983937461939554,2.282480968605153,1.2798041548893713,3.0122428108412986,73.80774106418605,42.138424682119954,53.615623416042126,93.29838537041361,56.87629812177193,99.45075298396638,70.96962298583858,53.199675658637126,95.21676930728391,33.493171362550264,79.33554595933522,25.357379863593103,77.39378545107346,103.4240134539684,47.273623100916055,62.99117031488785,81.00939394240132,77.56382145286017,69.06990330086789,66.909131881426,5679.200550821487,5679.200550821487,5679.200550821487,5679.200550821487,5679.200550821487,5679.200550821487,5679.200550821487,5679.200550821487,5679.200550821487,5679.200550821487,5679.200550821487,5679.200550821487,5679.200550821487,5679.200550821487,5679.200550821487,5679.200550821487,5679.200550821487,5679.200550821487,5679.200550821487,5679.200550821487,38.75609151442121,19.406247837163743
2.4839617937949674,4.689702878804888,10.28923762116183,6.65473737519739,2.62625065126726,2.1242549455486364,0.23775378733790048,1.2390647508240862,0.9871266965807192,0.5630265328720577,3.428855976144265,2.162160955620077,2.5656139009117114,1.605027984245436,2.2999990782529047,1.6975970868943702,2.4778781261433545,3.6579331432357,1.518469791530032,0.9414954664980014,73.82813997653889,63.55271466393179,18.194326177294656,27.461731623892113,57.28090991703039,68.8425396614433,109.84735049430971,60.53148257732336,99.16018198239179,108.2146027764968,65.89523403088577,75.02590047214211,47.59712881695677,79.6699547608375,68.61174532626184,70.62059559845089,54.15871118586264,75.6775161582623,99.65738518473684,110.40669289533328,5362.722416219583,5362.722416219583,5362.722416219583,5362.722416219583,5362.722416219583,5362.722416219583,5362.722416219583,5362.722416219583,5362.722416219583,5362.722416219583,5362.722416219583,5362.722416219583,5362.722416219583,5362.722416219583,5362.722416219583,5362.722416219583,5362.722416219583,5362.722416219583,5362.722416219583,5362.722416219583,76.44615204520886,62.91652001996707
2.1142045482005756,2.325390352780721,2.9136481270099566,2.3337615847886237,1.0782253264282928,5.350062756100811,1.8535993922892215,0.575569046498884,1.2947001347445386,3.51313304197045,0.9684894969550037,4.11995293175978,3.5451515871740376,2.443742701771916,1.2020484177784054,1.5648749543693206,0.997423459899707,2.598760587183234,3.7030769448659204,2.831995880514152,57.71259434716606,81.46264379678504,78.62552556396305,69.51043605026021,120.0,45.286560333348156,97.45897763709006,83.51493969336923,98.14648256371342,73.61859896519442,82.66530348763506,43.13432237099054,72.1200087852617,66.31180102576155,71.18746175602561,95.29841015643586,84.8049951425694,85.81388855899971,69.02623952506576,72.23541373139471,5335.636992221015,5335.636992221015,5335.636992221015,5335.636992221015,5335.636992221015,5335.636992221015,5335.636992221015,5335.636992221015,5335.636992221015,5335.636992221015,5335.636992221015,5335.636992221015,5335.636992221015,5335.636992221015,5335.636992221015,5335.636992221015,5335.636992221015,5335.636992221015,5335.636992221015,5335.636992221015,72.1986860974535,48.81596011811718
1.247712117657602,4.22784878212997,2.3158800934989565,1.3724345121100323,1.373014201033263,5.095001123895628,0.14887722464090786,2.853816823768881,6.006881751956892,4.208225977388267,0.40241350415379906,3.016374284363947,2.0577263930905016,4.7518361272334095,3.5165748606579474,3.6603256438162095,0.6252824009334225,2.6336139487098396,3.8148466823558804,4.751426613541957,74.97597969220948,69.3568099731051,60.767147912936984,81.77005588651967,85.72008370757231,52.50182071055462,87.51195971253233,60.25857096277241,46.023920563942696,49.4858534366873,100.03389179911613,53.25928688582623,82.08614187092316,35.17563968504729,81.63779153284905,49.972252866439476,92.32971718242605,55.15222397567138,58.76277456703629,52.247529618513795,5520.689475486817,5520.689475486817,5520.689475486817,5520.689475486817,5520.689475486817,5520.689475486817,5520.689475486817,5520.689475486817,5520.689475486817,5520.689475486817,5520.689475486817,5520.689475486817,5520.689475486817,5520.689475486817,5520.689475486817,5520.689475486817,5520.689475486817,5520.689475486817,5520.689475486817,5520.689475486817,96.41089189237738,80.21904767760762
1.8266992492582788,2.3520944983847056,0.305274713032784,2.6238179115563716,1.409487592762164,2.751464632676021,1.0113492806568487,2.1644113988592983,5.597648262080415,3.19094701037738,5.412979421543458,3.1056101265558094,3.888300782041175,1.1914626173421734,2.796985157915397,2.2155664345616555,10.729129327640749,3.618013972249571,4.273547392766786,2.1699127941410743,72.25598805450413,76.47885603197204,89.44876791760342,87.43026640772341,106.964738456711,78.64558774077489,74.34912842714373,63.53424671697233,60.64113848408563,53.48405126620909,55.94642348950188,65.26331575651751,51.9514754005711,84.63294186199406,67.17503956751284,75.74930282001768,13.229770422292814,69.10744157688754,52.15506870859484,84.33634027818653,5273.900246016197,5273.900246016197,5273.900246016197,5273.900246016197,5273.900246016197,5273.900246016197,5273.900246016197,5273.900246016197,5273.900246016197,5273.900246016197,5273.900246016197,5273.900246016197,5273.900246016197,5273.900246016197,5273.900246016197,5273.900246016197,5273.900246016197,5273.900246016197,5273.900246016197,5273.900246016197,69.95488262044346,41.51855141879763
2.763364606656593,6.280495150771462,5.752980909453882,5.179293679975999,3.091059540914365,0.3549295497423628,1.1387805040551449,2.7978884162845445,1.3115732233956512,2.193467239404426,4.37356044500369,5.717026548912077,3.6386912719497437,3.5731528389082414,0.8743912808107747,1.8434860903158155,4.51576578220215,0.8467752832650515,2.0133923267085065,2.529172375728512,84.84767801236865,39.21544181668963,30.54248237378528,45.07060240640855,52.58379574242199,103.4014013733463,96.25308363679642,63.92790695176871,75.6583456346095,85.14893718051341,65.54586850906645,43.585737269023,66.92624581913624,81.2495148403793,51.49454572466428,90.87185171033818,61.89009108206412,63.55417333555657,72.16742842534677,73.08176669467782,5502.112494540581,5502.112494540581,5502.112494540581,5502.112494540581,5502.112494540581,5502.112494540581,5502.112494540581,5502.112494540581,5502.112494540581,5502.112494540581,5502.112494540581,5502.112494540581,5502.112494540581,5502.112494540581,5502.112494540581,5502.112494540581,5502.112494540581,5502.112494540581,5502.112494540581,5502.112494540581,40.16723998032454,18.5057610876366
7.464882089739406,1.1267410890793295,0.6106929105635857,0.63151888550008,0.8656543224712459,2.7275968301999884,3.418959702361697,3.472765043535533,2.639203965991893,0.8537139119379956,2.48336324982719,1.972305136182883,2.629429040606847,6.812279979709068,0.4751686309915516,0.8156940033369675,2.0111119657413865,3.2098919481497528,1.1464471900852047,1.1409166487646722,39.550325535267255,101.81583386128811,94.38448696060468,94.15787861490769,67.58306299234012,59.406357814536946,60.3472280799818,55.3828678855717,85.53797713828563,63.903714701759036,90.54872518983372,87.20026186357313,56.995793708215935,40.2689740106452,112.80153131079355,89.08118639777648,83.51229431363939,63.82178129711561,120.0,73.4089136851783,5362.722416219583,5362.722416219583,5362.722416219583,5362.722416219583,5362.722416219583,5362.722416219583,5362.722416219583,5362.722416219583,5362.722416219583,5362.722416219583,5362.722416219583,5362.722416219583,5362.722416219583,5362.722416219583,5362.722416219583,5362.722416219583,5362.722416219583,5362.722416219583,5362.722416219583,5362.722416219583,78.43768728013885,63.722119480758906
3.884621134336042,4.2011041332898795,2.1640110917722506,2.4062212380795738,6.826112584001889,5.4006698031097535,1.7731984167819252,0.6531137716252223,0.42083054698816746,1.5387811480062066,0.8795042674961194,1.016288049235799,3.051512886197339,1.6978486227656249,2.7986570678346574,0.8762118314252332,1.6283382338069308,4.237186746250449,1.6158702628572204,0.15580363456822263,58.43583812043719,44.6165268459651,54.75020193945614,81.62499295637748,25.412264911307126,52.043198286081704,88.64487056941675,120.0,90.5766259401785,92.2611927549061,65.88675359956802,93.37719715231972,73.05630544611557,75.54110013293297,58.53836237935671,86.73230805136653,90.3743791783019,72.97991362675103,81.70089067583007,120.0,5241.9255656428295,5241.9255656428295,5241.9255656428295,5241.9255656428295,5241.9255656428295,5241.9255656428295,5241.9255656428295,5241.9255656428295,5241.9255656428295,5241.9255656428295,5241.9255656428295,5241.9255656428295,5241.9255656428295,5241.9255656428295,5241.9255656428295,5241.9255656428295,5241.9255656428295,5241.9255656428295,5241.9255656428295,5241.9255656428295,49.87824331748858,40.286985276325005
2.5437007591147087,0.8462365965744534,6.672236234512805,1.3429696328346976,2.005088400542663,3.936084105488532,2.972822439869244,4.262547944372272,1.1751723598027113,1.440616859386514,1.2279860572639332,0.6355487225914946,1.3433917394576202,1.3934811439414965,7.291906617637714,0.5634877225217162,2.465342759008496,2.281950749161835,2.8743057703022177,2.659828043724297,70.13862588572528,76.7543783238126,45.1290845487892,104.12617451273661,66.38880643217308,64.28988446742605,40.29544058881591,50.95698336379164,108.07770059749703,103.59272689935688,101.38651747405002,72.31771315352167,87.85106035553316,82.26863917792322,37.054618573411545,92.39198675962338,53.878644754922604,52.84562786074817,77.08805758191069,51.30134629415239,5558.330104086768,5558.330104086768,5558.330104086768,5558.330104086768,5558.330104086768,5558.330104086768,5558.330104086768,5558.330104086768,5558.330104086768,5558.330104086768,5558.330104086768,5558.330104086768,5558.330104086768,5558.330104086768,5558.330104086768,5558.330104086768,5558.330104086768,5558.330104086768,5558.330104086768,5558.330104086768,91.5700073307161,72.78548335327427
0.5790692746415753,1.2738655085809678,2.5690722516387163,2.642941799931963,1.4351900443191314,2.426845567681967,1.1070010633328167,0.33480089487136494,0.8834520487478299,4.516444920295127,3.9149388821395767,0.5776003141085193,2.9630878433614156,6.73903024610049,3.3773063474119245,3.977665386700005,2.6117961439528936,3.7315617299094876,1.864507091165311,1.7015347314242428,99.40535681432834,74.14301742888013,69.53708020716547,87.6185489094338,70.3768822575492,79.20395924916903,86.0293399724163,100.39258026640903,87.03527762576246,63.283069227379876,55.725226594111405,104.12167990185752,80.33221861013266,34.43090095735212,53.5493928810508,68.45181460512086,68.0994245482361,77.13651233346239,87.60415696497738,64.7399962526211,5600.569517626837,5600.569517626837,5600.569517626837,5600.569517626837,5600.569517626837,5600.569517626837,5600.569517626837,5600.569517626837,5600.569517626837,5600.569517626837,5600.569517626837,5600.569517626837,5600.569517626837,5600.569517626837,5600.569517626837,5600.569517626837,5600.569517626837,5600.569517626837,5600.569517626837,5600.569517626837,32.28478921926531,8.317092480360374
3.3729799628557524,6.465296264839764,3.7652962661792535,2.240445994205908,1.9303116952267225,3.534190997524443,0.6908324417147642,5.307841444391879,1.5739219631745869,0.5532358135353793,0.6172731676234416,3.1243387347680294,3.847041585630984,0.16917288195209998,1.3373245324873602,0.47439252725140546,2.268048595402392,1.4824269804958476,2.9562083843172253,0.7514721016387285,65.34238476468387,27.934256345900696,63.00850462569418,83.17753033690865,80.37549351611736,55.30076591934156,94.59835898346923,51.63118901196451,83.83554583781941,116.12094545783785,93.7035048243326,79.7727765666316,66.4461131685627,119.58791354467417,90.67693373503641,104.56657005539645,96.08399937728583,89.58744393531964,68.6428946508278,77.39805937620139,5814.309435421058,5814.309435421058,5814.309435421058,5814.309435421058,5814.309435421058,5814.309435421058,5814.309435421058,5814.309435421058,5814.309435421058,5814.309435421058,5814.309435421058,5814.309435421058,5814.309435421058,5814.309435421058,5814.309435421058,5814.309435421058,5814.309435421058,5814.309435421058,5814.309435421058,5814.309435421058,71.91066330051092,47.640294737486045
0.9083257125895761,1.7772820421257698,2.508291756074383,4.225821047973229,5.402471598955242,2.4212073995119487,0.8441628053731963,3.6609357812449583,0.772193521863014,1.2511788288678924,2.4767951001075286,2.7877466245799982,3.340570196596881,3.18238603399715,1.8759696502565024,0.9519559682095341,6.491825065191413,2.6343255442962,2.9502471150959093,2.247459853589327,93.45042478687287,87.86491526859817,77.52643532779352,47.35915264024754,57.13973286782998,74.93385465791386,101.2883606180541,68.16177698586448,73.7910413079937,82.57178989375682,64.11250530244224,66.99826818564526,66.75880719215643,62.598743655233456,83.3592037340629,99.54115580390749,36.494001296663335,61.797147703082764,68.4809952641068,75.76875145097738,5537.687696879249,5537.687696879249,5537.687696879249,5537.687696879249,5537.687696879249,5537.687696879249,5537.687696879249,5537.687696879249,5537.687696879249,5537.687696879249,5537.687696879249,5537.687696879249,5537.687696879249,5537.687696879249,5537.687696879249,5537.687696879249,5537.687696879249,5537.687696879249,5537.687696879249,5537.687696879249,30.518140137974097,10.166058313104427
2.7048613791393095,2.1429658455557563,1.9788374278755296,0.5530163798193448,1.1068821388304464,2.355629052610007,1.0905426439626524,2.8597353857649352,1.6420129279704139,6.111767940924431,2.1929659828568546,2.3037416765555556,3.600067666956004,2.640099291498063,2.4891050643029686,2.227448665575315,4.2026778153588955,2.524411296561327,3.3214137254114218,1.4895827873942362,67.69007414172273,80.1839048328565,63.777080457469495,104.41981695729741,72.18103053834754,47.70259132029521,99.30175658948835,76.7707276541546,89.36741646035195,42.23395242202894,57.04240387791073,58.242226433599946,53.74369720399371,62.18291561500664,53.421815371063424,62.64526323550733,34.507443116676775,83.62349251366193,55.04867439852621,91.27538568625872,5564.3178129452435,5564.3178129452435,5564.3178129452435,5564.3178129452435,5564.3178129452435,5564.3178129452435,5564.3178129452435,5564.3178129452435,5564.3178129452435,5564.3178129452435,5564.3178129452435,5564.3178129452435,5564.3178129452435,5564.3178129452435,5564.3178129452435,5564.3178129452435,5564.3178129452435,5564.3178129452435,5564.3178129452435,5564.3178129452435,97.55204404990792,77.27817878123638
5.063617833790254,0.7376323046324188,1.3148428023350665,3.874958149932806,4.819570857920865,0.7684168347126314,5.641196410530396,4.74484379678731,4.4491921785635595,1.6707241411025904,2.7080858193558637,6.119683246797473,0.2662793342516032,3.7445070235404923,7.219885828098593,6.551937418105926,3.143032463946718,3.034398892135471,2.83758159260294,1.870904836424036,53.1568086025752,93.2166140712886,46.22961750964946,59.42271368311876,43.778841646347814,84.43587436231051,43.48205843714054,51.829787034665245,26.323591078081854,98.57372890591091,72.65984901823235,44.3489392788914,82.2363028189561,45.07193806927476,38.692836727710116,41.35503917925421,62.562352441939176,60.57777961400134,60.32424452553622,111.26855783705197,5245.977863023299,5245.977863023299,5245.977863023299,5245.977863023299,5245.977863023299,5245.977863023299,5245.977863023299,5245.977863023299,5245.977863023299,5245.977863023299,5245.977863023299,5245.977863023299,5245.977863023299,5245.977863023299,5245.977863023299,5245.977863023299,5245.977863023299,5245.977863023299,5245.977863023299,5245.977863023299,32.91311707898306,10.226871513996251
1.451868424663335,1.0891689124457984,4.978317206228388,1.0236363141460811,6.3262713793211605,1.1970176864729498,2.119730381983669,1.3718007237578365,1.4091155277680931,0.4591792999260992,2.6837663028061893,1.613639520373203,1.3555487833578528,3.9250594686602747,3.2754987830967996,0.9804152788136655,1.9501037297033825,2.9880157697084724,1.8177810588440593,4.7156726785937755,85.0191763767729,91.13237728440401,61.73991683043249,80.68747182643138,29.137356794778732,97.42835386990073,71.37505613280561,118.40706511274502,104.42759949699412,100.27698310704889,72.42716853701191,68.31065568701261,64.08072446858554,79.14447492401702,63.0188906458326,101.79747051204143,84.71167507425321,68.71802828834956,63.87514315481703,47.04453170004184,5319.749072149965,5319.749072149965,5319.749072149965,5319.749072149965,5319.749072149965,5319.749072149965,5319.749072149965,5319.749072149965,5319.749072149965,5319.749072149965,5319.749072149965,5319.749072149965,5319.749072149965,5319.749072149965,5319.749072149965,5319.749072149965,5319.749072149965,5319.749072149965,5319.749072149965,5319.749072149965,50.992874363695734,33.70757987574779
1.5645549861649122,3.025996224517636,1.8701369676744055,1.9879346647104774,1.3831611500539833,2.8715115322639524,2.942180638224671,2.48869890650951,5.983420363190731,2.0205375237815892,2.273097736055264,6.747831258346722,0.3302851131923172,3.4619254981500127,1.9601633927571707,0.4618081600515089,1.9192724982709026,0.6275171883181969,3.440157649632399,2.5334334667592486,61.00869687014155,60.01809310902919,56.6617367852035,74.25555275443556,84.69610520391447,72.22535834277576,64.04048016919504,67.78215486957183,48.28698544269512,94.972999409774,51.45782269792731,29.91522147326225,120.0,56.79971539734261,61.58726957748374,81.25137722450044,74.32852399768947,79.10101301980566,74.93412148761153,63.73184324881334,5579.704827992868,5579.704827992868,5579.704827992868,5579.704827992868,5579.704827992868,5579.704827992868,5579.704827992868,5579.704827992868,5579.704827992868,5579.704827992868,5579.704827992868,5579.704827992868,5579.704827992868,5579.704827992868,5579.704827992868,5579.704827992868,5579.704827992868,5579.704827992868,5579.704827992868,5579.704827992868,30.548295169605904,11.935838166530802
3.058844041912004,1.2241958141047862,3.1544630632621025,5.530800432295434,1.302101166363799,0.7275234064920787,6.8972002689784855,4.04779175290126,7.567342013357794,0.942075958556701,6.4884385236033815,2.1834435386735698,2.236347198015851,1.297617936154726,5.826097346455873,4.5377679978956005,1.5425931648050393,0.41004620345524645,1.711618729330913,3.0209313571094825,94.97031053321538,102.94089165741607,85.99297827328984,44.06146260204226,84.62291550662037,106.59515615090504,32.854759318987966,35.05022096589725,39.548354226946785,97.49842294805093,39.395010389287876,61.74641241477717,62.39125546892044,74.13441903612112,47.387227159243295,50.55780050653054,67.38054768205532,108.03800049265176,87.43572372621038,70.4063895919378,5635.052829202232,5635.052829202232,5635.052829202232,5635.052829202232,5635.052829202232,5635.052829202232,5635.052829202232,5635.052829202232,5635.052829202232,5635.052829202232,5635.052829202232,5635.052829202232,5635.052829202232,5635.052829202232,5635.052829202232,5635.052829202232,5635.052829202232,5635.052829202232,5635.052829202232,5635.052829202232,80.06368531558422,49.78564475506437
2.1566056391337094,2.133000358352111,0.45242867193157776,0.6873320930489825,5.665015878224123,4.0884425277366025,4.595807665980948,0.745361167602299,3.8296622259734985,1.2940425503191988,0.690523932719814,1.7683159295978998,9.383179057012843,2.071105124637849,1.5934437171559706,2.728898771299979,1.8356207760437142,0.746897715635902,4.209445280931021,2.163672824078203,72.60245610873497,71.02208048922793,90.82226358235758,95.77484715959437,45.98954146077601,60.324459036622834,50.44307431278582,87.11087718998516,43.776234072878964,75.91443264735608,119.53672197256024,92.42307110831013,25.579886481444984,91.14121306959532,99.6670614522106,76.65532908522579,81.97114396153441,88.42422469271138,40.79937604433846,61.051431942565905,5319.749072149965,5319.749072149965,5319.749072149965,5319.749072149965,5319.749072149965,5319.749072149965,5319.749072149965,5319.749072149965,5319.749072149965,5319.749072149965,5319.749072149965,5319.749072149965,5319.749072149965,5319.749072149965,5319.749072149965,5319.749072149965,5319.749072149965,5319.749072149965,5319.749072149965,5319.749072149965,50.660732612582564,33.16657041786526
2.018144905982628,2.278925022980337,0.7145739140361725,2.8502118484413903,3.1967544068741156,4.8380067363661095,1.3563529831908545,1.7144957762002464,9.144046143895597,3.574063985732348,4.257432905015618,1.679647031497043,3.2975460400432506,6.152801332222138,1.4139425683171947,0.7898817858688291,4.369390059884777,0.36592731098063686,5.398162400687457,1.9371973726711649,58.53581490477987,64.64921835080521,102.96120365037123,62.252120124776944,76.56901981865283,49.03782942819616,99.63466732057664,75.99071795567929,29.890001759467488,70.89786690208209,69.08743664547836,85.09081046972354,48.52461356473097,45.572994140078734,79.2600196936472,84.89554413632902,51.55365690388297,90.08922333685811,41.90465353546291,80.08331329712871,5969.85170053554,5969.85170053554,5969.85170053554,5969.85170053554,5969.85170053554,5969.85170053554,5969.85170053554,5969.85170053554,5969.85170053554,5969.85170053554,5969.85170053554,5969.85170053554,5969.85170053554,5969.85170053554,5969.85170053554,5969.85170053554,5969.85170053554,5969.85170053554,5969.85170053554,5969.85170053554,44.67023634022084,27.691343028063933
3.8594605527046957,8.253673412240074,1.9932284507672897,3.2506322170688673,1.1904758702509164,2.230621912555554,0.7502622289724464,2.4943533534570355,1.0654875836574984,0.9121688810427233,5.4421773864462795,3.11164441404098,0.4191203749830384,1.7555456971117611,2.559285552957477,3.9205162034121286,3.891839259270219,1.9751652644083297,3.264803109302511,4.648474082048352,47.9427676288644,25.30543074805644,75.99329768857021,74.57498921504849,62.774471989780324,64.82657477304578,80.44587526821418,71.33544446111486,69.57138587581267,103.9072594459226,42.88054943842639,62.35454312486644,120.0,59.66052713315854,48.96734222339964,64.5827503550836,54.43938408420221,65.66758823366466,48.67294895783298,59.417860977893874,5771.690397515996,5771.690397515996,5771.690397515996,5771.690397515996,5771.690397515996,5771.690397515996,5771.690397515996,5771.690397515996,5771.690397515996,5771.690397515996,5771.690397515996,5771.690397515996,5771.690397515996,5771.690397515996,5771.690397515996,5771.690397515996,5771.690397515996,5771.690397515996,5771.690397515996,5771.690397515996,43.95886076421822,23.704261585408855
2.113692135706068,2.4395875544631322,1.945422692121185,3.7483300488781315,1.2848597482139343,1.1289181598803149,5.491264095000345,1.0423730721629347,0.3920089546031884,0.8806295601683514,3.5811971179360405,2.9434793672114257,8.813943589964001,2.113143931066713,5.393770682409421,2.4929683693564755,0.7936275747085012,0.38097908404452063,1.1175091793098875,4.515027746961529,66.25928206211688,76.70092272267036,61.438214923011316,56.69012877986939,61.70559697740983,101.63855242144703,42.32432347406018,114.28005105263246,97.58233142706356,79.94483925422735,69.3560555311625,58.294116466197515,26.156136329770206,65.52240455255985,51.93955872232005,80.79771509766562,90.19506404245892,115.81520239098762,89.76449807491662,48.90196508545126,5743.306990472559,5743.306990472559,5743.306990472559,5743.306990472559,5743.306990472559,5743.306990472559,5743.306990472559,5743.306990472559,5743.306990472559,5743.306990472559,5743.306990472559,5743.306990472559,5743.306990472559,5743.306990472559,5743.306990472559,5743.306990472559,5743.306990472559,5743.306990472559,5743.306990472559,5743.306990472559,21.62121810992642,8.604945275531298
1.1308608797035486,2.818127791859275,3.3681467201070747,7.372145181754545,0.5608080315180102,3.3883041741674598,3.9801760457285242,1.3449593170286154,0.3419973271026284,0.6672563977861895,2.8088789016296754,4.566836422726874,0.8669118311842311,5.238684288729455,0.6364877840469403,3.492466384108211,1.1419916990317696,2.317425691550391,3.730987628963293,5.4945753107600295,81.71276404769385,63.23808518145204,49.08660696907528,26.208649080649362,104.58564605964119,63.89554804660652,74.8691972707861,67.40413636278515,118.69722516398471,104.88912171464207,75.07489049903967,45.76324894882726,75.38030894413184,49.19097072113595,83.7560011520883,53.728537086753164,103.74128827632303,80.79502132333573,66.11642831010012,39.21577003142586,5446.2377479004845,5446.2377479004845,5446.2377479004845,5446.2377479004845,5446.2377479004845,5446.2377479004845,5446.2377479004845,5446.2377479004845,5446.2377479004845,5446.2377479004845,5446.2377479004845,5446.2377479004845,5446.2377479004845,5446.2377479004845,5446.2377479004845,5446.2377479004845,5446.2377479004845,5446.2377479004845,5446.2377479004845,5446.2377479004845,97.297201994997,79.33987685858183
2.4784315098895426,2.0235361616065246,0.9599488036065352,2.9881329670650625,2.70849259552388,1.0921145467208542,1.7403229042253592,0.6671549262576868,0.6465393450810762,1.5695278694643269,1.2541018335284857,8.541495309232767,0.6634880411502598,1.8977543701845403,1.4079115024195743,3.008553282431077,1.5881936980599467,2.1908324463190545,0.6585918789980333,1.1511920477546247,76.26663542984753,63.76642898851389,90.50459623994367,58.53868602885892,65.92956007322186,78.33108328573307,71.43384008343777,112.59210869235393,88.3485625100659,101.30613516554993,82.86413271470335,27.9991731669233,90.72314226972631,73.30748890299432,90.54233068804997,58.606383116077545,82.77665391795337,76.17446055052726,76.27909608017761,48.79567013219425,5241.9255656428295,5241.9255656428295,5241.9255656428295,5241.9255656428295,5241.9255656428295,5241.9255656428295,5241.9255656428295,5241.9255656428295,5241.9255656428295,5241.9255656428295,5241.9255656428295,5241.9255656428295,5241.9255656428295,5463.901813457562,5463.901813457562,5463.901813457562,5463.901813457562,5463.901813457562,5463.901813457562,5463.901813457562,49.23746511717927,40.88770904361609
0.5064420319610945,0.29770822958079146,1.8930102088113654,0.8519666944289824,1.8537480150647285,2.0440551159671005,1.34591596642155,1.9682834674023484,4.1906845139406945,1.4513854519975309,3.7760605967714582,2.7564195145858554,1.7060505845159453,6.153368664237169,0.6785403854065823,6.286222917085871,2.5536187809527733,0.7496509621019868,0.5542589587479446,5.637892519835307,74.54371148772724,89.65415642581333,70.39821753362082,82.68558237269181,98.02663494217184,68.40968963944813,91.59572290270725,75.97459826743582,67.76642942804772,94.78708253463319,59.25026855040521,90.62029706860797,80.08164211275361,57.68924920432154,120.0,43.80958656192216,79.66080487992043,74.63217647666556,110.87746057789002,53.872172257372014,5446.2377479004845,5446.2377479004845,5446.2377479004845,5446.2377479004845,5446.2377479004845,5446.2377479004845,5446.2377479004845,5446.2377479004845,5446.2377479004845,5446.2377479004845,5446.2377479004845,5446.2377479004845,5446.2377479004845,5446.2377479004845,5446.2377479004845,5446.2377479004845,5446.2377479004845,5446.2377479004845,5446.2377479004845,5446.2377479004845,97.05674370057245,75.87938880965658
0.5536345438133827,1.8116469935545263,2.002627540384822,2.691201946078854,1.4869125524607065,1.781751293571903,1.8057536915035033,2.4236477936461602,5.673431975513659,3.173968919655845,1.3183331360594455,5.677310617805734,2.039645503398206,4.763251871281566,3.1675525465025505,2.8584901859916227,3.5245350814328265,2.097403712106252,2.6051555861833844,4.325736175578461,78.95538029827016,65.81471842493403,93.55071919629637,73.7381319369298,62.80924413435014,81.6248471671411,81.54942658824619,85.47809244198837,39.52429636902595,69.66379976050067,87.68760538358744,50.57259422287538,72.73767528440084,57.471927619023475,52.98215515735388,68.64120349707248,59.64390366930762,54.961977174109535,73.63497591817735,56.942045409085935,5302.720364131924,5302.720364131924,5302.720364131924,5302.720364131924,5302.720364131924,5302.720364131924,5302.720364131924,5302.720364131924,5302.720364131924,5302.720364131924,5302.720364131924,5302.720364131924,5302.720364131924,5302.720364131924,5302.720364131924,5302.720364131924,5302.720364131924,5302.720364131924,5302.720364131924,5302.720364131924,68.0608094711453,42.400306785635394
2.2231033178705095,0.8379086655461333,2.1198297459820967,4.755735543403277,4.941079534323564,0.9273171598406892,0.2668095235936576,3.1045002206918197,1.2962965061821696,1.5010547375107663,1.3319263124798302,0.6956091011486039,1.0805737242912132,0.7503126616981919,2.9782701502487976,3.708351474099569,6.934863035757776,2.000627285055317,2.221546096108933,1.6290912763817562,51.122367426653504,85.65291879146447,71.65761821239019,44.07693628427962,53.07684360468272,88.10134360123261,119.71054932225914,57.27800474845624,102.37441865828885,91.83535554332622,81.17860161743943,96.94783162768974,99.69806129958998,105.49346966749802,46.42811749183463,61.12026206850502,43.13242370324136,81.24687927746758,74.97232344776864,76.75753755742807,5423.218116108739,5423.218116108739,5423.218116108739,5423.218116108739,5423.218116108739,5423.218116108739,5423.218116108739,5423.218116108739,5423.218116108739,5423.218116108739,5423.218116108739,5423.218116108739,5423.218116108739,5423.218116108739,5423.218116108739,5423.218116108739,5423.218116108739,5423.218116108739,5423.218116108739,5423.218116108739,77.30476057665338,49.62966271352087
1.273717239109535,2.1906370853758106,4.089788556791041,1.9646653688800975,4.1525284884603515,1.4726066442260761,3.176172596068174,2.153847970968986,0.44922771410096907,1.055145386591555,0.8373529651904473,2.1636939029488804,2.087702989376066,2.953272099052806,2.425869224789271,0.7930344022408303,1.0577107911397208,3.5491313806523515,3.4954427907361634,5.11695981530467,100.80894230469157,69.70865555953526,51.21960898880036,76.95334370444522,54.322782131591346,56.40316208603372,65.73164490731784,63.303933055612625,101.21519872032941,85.02477290152103,69.23211627989843,75.37082214996782,69.03376382482423,57.18300023574996,55.48243692394465,88.18699841998188,60.429345083398815,63.19689066270752,73.93384117202669,60.36612848888495,5186.526101950145,5186.526101950145,5186.526101950145,5186.526101950145,5186.526101950145,5186.526101950145,5186.526101950145,5186.526101950145,5186.526101950145,5186.526101950145,5186.526101950145,5186.526101950145,5186.526101950145,5186.526101950145,5186.526101950145,5186.526101950145,5186.526101950145,5186.526101950145,5186.526101950145,5186.526101950145,76.10964353305506,48.042991201020854
2.920146196250656,0.6972496565047798,2.5134707564118863,6.537179599462339,3.5245896751129693,0.6534200339319661,1.5932146670902758,4.998500896422225,0.4976563888480414,3.7075547784299148,1.3973233524156061,2.361881902785382,0.7480917216536414,2.060126919690638,7.359481849667955,1.969340598528123,2.7567256506207296,3.3162973435409735,1.499100959320617,5.559373521021708,61.905139331217015,81.25398571213468,63.99890026480222,38.82715234101017,44.18935665725599,112.2161743860279,82.34318159060561,53.71840523647167,94.26621302764366,70.8063626826263,110.9471548963734,58.58344502321572,96.12890888265603,70.30680451320085,21.78376264499093,79.18136486243927,56.87907752698412,57.68049538900149,85.0335825272658,44.03188883218838,5490.876790050931,5490.876790050931,5490.876790050931,5490.876790050931,5490.876790050931,5490.876790050931,5490.876790050931,5490.876790050931,5490.876790050931,5490.876790050931,5490.876790050931,5490.876790050931,5490.876790050931,5490.876790050931,5490.876790050931,5490.876790050931,5490.876790050931,5490.876790050931,5490.876790050931,5490.876790050931,87.54119163840355,68.81142756218333
0.880428560999593,3.2558532085413727,2.055698635998575,1.346749157080998,1.3566660039966785,8.22176055580275,8.728158666480775,0.664400074463357,2.158569948473214,3.2948811613695237,1.6859899235002442,3.095106978624908,6.789828020768418,4.148917218652396,0.3063116193518106,4.39145083832264,2.0420193789791083,3.731816139563347,2.1254999257751503,1.1102085448590315,97.64808688995112,62.28548744448503,60.97021837029662,71.97954051223935,82.90139931153008,35.33049209731463,26.901124489417942,95.57422914449991,92.94973363266507,56.847438642608616,77.66958215252363,42.17895508565291,31.914178485790725,43.59559173570294,120.0,47.47429978280863,90.0917113729402,60.21511042201451,84.69319717061063,80.70626847743475,5558.330104086768,5558.330104086768,5558.330104086768,5558.330104086768,5558.330104086768,5558.330104086768,5558.330104086768,5558.330104086768,5558.330104086768,5558.330104086768,5558.330104086768,5558.330104086768,5558.330104086768,5558.330104086768,5558.330104086768,5558.330104086768,5558.330104086768,5558.330104086768,5558.330104086768,5558.330104086768,89.57420051484095,71.90106174737858
0.8126108810691037,2.525915939044048,5.578361219309715,0.7296944954991574,0.8240451548020657,6.261800909917875,0.5615993759013592,6.827571098559663,0.6907030864113035,3.9167149194385678,1.832340061673361,5.195572453551954,13.473779852062515,2.0348768968668507,2.897728009559528,1.7747976238397796,0.948362959689625,2.86109400145776,1.9121740430737133,2.8260926404941458,100.70551063552986,57.770593709782815,57.321199321437184,103.01147771938034,95.80755203683219,50.21773272002653,96.30734221461428,43.087950558514194,96.41715536348484,52.703781275615455,73.91933896894139,40.24405173118997,3.0064479177724706,68.0857545680591,59.52745655538234,73.69064954353969,72.17432571427979,66.81310730451621,55.862379413936296,68.39224007496385,5435.659229576257,5435.659229576257,5435.659229576257,5435.659229576257,5435.659229576257,5435.659229576257,5435.659229576257,5435.659229576257,5435.659229576257,5435.659229576257,5435.659229576257,5435.659229576257,5435.659229576257,5435.659229576257,5435.659229576257,5435.659229576257,5435.659229576257,5435.659229576257,5435.659229576257,5435.659229576257,80.19574284847471,52.19302228529851
0.5588784359856888,1.9787228093393738,1.6589991785182565,2.851787343884505,2.702852665690837,1.5109116450008993,6.5633784025427175,0.5775566507572015,2.376038771386131,2.6845793789799415,2.005878569392343,1.9076422188202062,3.1406914443776612,3.538421264508023,2.2919184705526696,4.31138279425689,1.043697022501784,0.5218177305097002,2.5329182543367206,4.486813361649933,118.59738403343769,88.08256829219908,68.98715991150178,70.3323210227006,79.5840199601698,101.74050419304078,34.84877498901936,94.56727709880717,88.98993397189405,28.550871501266137,82.46262785759964,81.77281682304829,71.21412464439389,63.61976498462555,72.00283090076216,58.9610613455264,105.84490293766794,84.00900124355388,77.44586613134075,51.10476472461857,5241.9255656428295,5241.9255656428295,5241.9255656428295,5241.9255656428295,5241.9255656428295,5241.9255656428295,5241.9255656428295,5241.9255656428295,5241.9255656428295,5241.9255656428295,5241.9255656428295,5241.9255656428295,5241.9255656428295,5241.9255656428295,5241.9255656428295,5241.9255656428295,5241.9255656428295,5241.9255656428295,5241.9255656428295,5241.9255656428295,50.298152955682205,40.16967250183783
0.9188651848490712,2.370929573862568,1.9692781339715035,2.5989305517061183,5.103837733411662,7.122310843897232,1.5756179698497264,0.716691859884182,2.3871049414236323,2.700282027176646,1.5761476019438228,1.6098701278483656,1.8861298418737409,9.060087437987338,0.9064566046955548,1.5382182673140383,4.063250041473067,1.8523986637890182,7.156534952927585,0.8846774076442476,73.7931028623099,51.593224966225925,86.72186427524274,59.98274672301004,62.80259543885267,38.74644692086207,86.42448698337517,100.14841094450459,64.81377947203659,78.57212511758847,63.40720839074292,65.41813760611544,64.71294335084382,20.006631426208525,80.71839987913158,49.17515107279045,66.10293560239991,57.02876008618223,36.10342922365857,113.4206769771271,6018.448527314579,6018.448527314579,6018.448527314579,6018.448527314579,6018.448527314579,6018.448527314579,6018.448527314579,6018.448527314579,6018.448527314579,6018.448527314579,6018.448527314579,6018.448527314579,6018.448527314579,6018.448527314579,6018.448527314579,6018.448527314579,6018.448527314579,6018.448527314579,6018.448527314579,6018.448527314579,22.148108185086322,11.528378154499608
2.3785099567877928,3.6663896219961223,0.1617839107570417,5.077892203909204,1.4546260236949422,3.798802674876552,7.7943257909988155,1.621425077493777,3.1775657862600526,0.3531837689899044,1.2268136394885865,2.7293564790166354,4.391070986835143,1.1365090840591008,0.9338876052336944,2.260403972058867,4.048136191631261,3.0280847019785604,2.2826003863417035,4.37523510208286,62.60694706084682,64.69389554981123,90.21579351279559,60.15375474025507,90.39742513923446,58.10088797705863,27.035434841066646,86.35457264739824,73.259055636093,100.90152604829936,102.84873729906447,45.0102448490716,58.98619307106831,104.48626967764429,107.17910774781018,64.5273969956874,60.275984128973874,84.74790592608011,68.41966933238582,34.20449594001711,5743.306990472559,5743.306990472559,5743.306990472559,5743.306990472559,5743.306990472559,5743.306990472559,5743.306990472559,5743.306990472559,5743.306990472559,5743.306990472559,5743.306990472559,5743.306990472559,6109.53190503099,6109.53190503099,6109.53190503099,6109.53190503099,6109.53190503099,6109.53190503099,6109.53190503099,6109.53190503099,20.370567900907737,7.88560966057313
3.766850596046282,1.927711782716749,2.4410990148037746,0.7082226860235473,3.4061064332690165,2.521062176388546,2.2884191523372555,1.674146459477508,6.005287672872114,6.497752827725021,5.590464378085961,1.6181165451416972,4.384246681364728,2.692615406825518,1.797704611551817,2.623184666347322,2.360106819357322,6.0228310514833145,1.649807946499369,3.1582928556252585,55.82830709972012,87.92667659801118,83.93774729182694,85.88317825451993,54.82894927136431,66.69186009224039,63.33453750122908,93.4012126036024,44.7381710629701,43.71725244193332,37.44311130289371,55.97513835619941,55.74189723441475,82.33793210341796,76.24836296226968,60.925238291267405,79.91065598364077,52.57627725779799,77.18435691233611,66.0803263070393,5175.31553716411,5175.31553716411,5175.31553716411,5175.31553716411,5175.31553716411,5175.31553716411,5175.31553716411,5175.31553716411,5175.31553716411,5175.31553716411,5175.31553716411,5175.31553716411,5175.31553716411,5175.31553716411,5175.31553716411,5175.31553716411,5175.31553716411,5175.31553716411,5175.31553716411,5175.31553716411,30.900451666135215,11.142855120674932
2.5189830187065914,1.0662748157091206,0.34282171411112783,0.2238158228443383,0.6299400560493595,2.4912738275604016,0.3291655734006458,2.827867908338848,0.9477490955546272,1.694102171874961,3.8544093301876456,1.9798842668856935,1.8908058182107945,0.5952468852660835,1.0869560064295076,5.147192788330186,1.0835122613531505,0.5898516738773242,2.214758405396078,1.1504153426611223,86.49656570359895,76.64528914895243,96.77625212234186,105.16763397091134,113.18005652182956,69.853850162968,92.42336071477455,84.90005283895131,100.62133930956331,65.88099528450759,60.00592592372605,62.81832271853263,72.30464172013205,95.57197748059883,79.87325012462271,39.53255900661184,91.65204011015294,106.49487658874196,71.55732597925787,103.74916518575961,5399.259903301408,5399.259903301408,5399.259903301408,5399.259903301408,5399.259903301408,5399.259903301408,5399.259903301408,5399.259903301408,5399.259903301408,5399.259903301408,5399.259903301408,5399.259903301408,5399.259903301408,5399.259903301408,5399.259903301408,5399.259903301408,5399.259903301408,5399.259903301408,5399.259903301408,5399.259903301408,81.85749776707999,66.53727790948243
6.449443883311103,1.3355369032418272,1.4675557729478268,3.562317696449418,8.084290531678992,5.416580457486971,3.028660632639582,2.7119388349987132,5.322474319850596,1.43116094235628,1.8563993769712164,0.5131304013700216,0.9960953518815998,2.044377309015875,0.6421840730131628,0.5285187799005723,1.6384169355439706,0.542051873834507,1.8701445027188903,0.8079193874750024,38.10847709720194,94.66655498257418,71.15042190105333,57.42345039386277,20.002513559592302,50.236460370903664,53.67821048811018,57.816200398462314,46.39768519077896,71.62616397712868,60.37293394545556,65.26389371298404,106.63179282911717,74.57949272721424,89.83028157241623,83.4831022018539,91.14127016443463,91.97153142775687,53.36088666112889,83.90540829020696,5363.658376117551,5363.658376117551,5363.658376117551,5363.658376117551,5363.658376117551,5363.658376117551,5363.658376117551,5363.658376117551,5363.658376117551,5363.658376117551,5363.658376117551,5363.658376117551,5363.658376117551,5363.658376117551,5363.658376117551,5363.658376117551,5363.658376117551,5363.658376117551,5363.658376117551,5363.658376117551,89.24107998586278,71.38249012511079
5.020949889583159,2.871116856389975,1.104720188579518,2.3349304091182574,3.000534209387902,3.3542811110511193,3.6372110233566968,1.882583865140935,2.8315399861728694,3.5246130847935273,1.5217241358822764,1.0666813329125704,2.770457431424332,1.8203264284837073,1.77081820858093,0.5441503763126955,2.3796469097394257,1.9545674198619556,0.9179377833121454,7.460850867051351,43.46956403363317,57.588389199400105,97.26830348051132,81.38112286336627,57.78022909625453,50.47093702980905,63.66566786455031,62.813930078837586,86.59946612076953,56.924692244659006,81.40372544189157,84.44278086274001,60.771454873788024,70.11033460345422,79.99207253587338,85.26619135981359,66.96193517545737,103.77922503299645,111.52429884708168,27.093680776625284,5680.178628847292,5680.178628847292,5680.178628847292,5680.178628847292,5680.178628847292,5680.178628847292,5680.178628847292,5680.178628847292,5680.178628847292,5680.178628847292,5680.178628847292,5680.178628847292,5680.178628847292,5680.178628847292,5680.178628847292,5680.178628847292,5680.178628847292,5680.178628847292,5680.178628847292,5680.178628847292,43.5286392814847,27.259952433100263
2.9248662890840906,0.6530782870299324,8.223509321764777,1.860519873892113,1.6810682115634141,3.970340240964442,4.289351599477098,1.0275956432560205,11.544804071304233,1.524684671687014,0.6555488246262606,1.9000728499880184,0.5191835560049494,2.882427753772727,2.377749851111064,1.8462443037610605,1.9825341695451448,3.3507981365666764,1.5688393281262507,3.506351890219947,57.000149355079884,100.69878472869871,26.97591689775976,86.3313624664117,81.06548534900125,62.808803113528825,39.38251260085867,76.02758304608133,11.498006341265711,86.86753427561142,100.10419035422433,78.6219834982388,120.0,47.52732466398815,46.6529722301775,65.43410277588558,79.01500741623313,53.766754044503756,77.01431953413748,51.778273070286915,5679.200550821487,5679.200550821487,5679.200550821487,5679.200550821487,5679.200550821487,5679.200550821487,5679.200550821487,5679.200550821487,5679.200550821487,5679.200550821487,5679.200550821487,5679.200550821487,5679.200550821487,5679.200550821487,5679.200550821487,5679.200550821487,5679.200550821487,5679.200550821487,5679.200550821487,5679.200550821487,38.751319279234764,19.933435800595564
2.005217997878166,0.994401779797054,2.6777549382812835,0.49809113062571186,4.174515935930874,3.5616274804402357,0.9991079449710287,0.8859563784885511,1.7415154744158743,0.1240140198340291,5.686732744647558,1.7838610176766645,1.0077924328271652,3.9570589550456923,0.6998918261089866,0.7789363126164554,3.4505266846744176,0.6198100883240371,2.7685544664619073,1.8757459557527998,72.33660865386064,99.31593195521083,63.08209356084701,92.1991063521658,44.76219699880335,44.0171221592078,91.75046717890415,75.440130573472,75.38597636014363,94.84091844854994,45.26275445329516,102.38100082115405,69.1374679794593,57.1173210895248,112.57026376619471,80.7392043634476,73.88306574923301,101.4932147017633,63.56447359301752,72.86394957962301,5170.183038616006,5170.183038616006,5170.183038616006,5170.183038616006,5808.036305984906,5808.036305984906,5808.036305984906,5808.036305984906,5808.036305984906,5808.036305984906,5808.036305984906,5808.036305984906,5808.036305984906,5808.036305984906,5808.036305984906,5808.036305984906,5808.036305984906,5808.036305984906,5808.036305984906,5808.036305984906,89.99657232103722,77.38788029478606
2.622624290916092,4.300606062114709,1.823597956817785,3.4761137586152726,1.3189339784641143,0.8833432582733469,2.859322822692653,0.8243582417491487,3.285649829615143,5.9612981467893285,2.5920989891170954,3.7588432377928904,5.0664240486446355,1.5176686763228622,3.4730469877862116,4.8679846795291555,2.3086747487005193,0.2714647497309518,3.950214786370443,8.012776604471757,71.598198887401,76.07830436720931,73.06274684186165,55.172601802228904,87.09093936682596,86.54821505529098,55.371538876485765,105.83373915090395,62.63113657400815,37.2698354910481,72.304979750505,78.18130469106393,56.41752398805225,93.54068299683547,73.25205383542941,47.46798301244075,84.75243587065098,76.82209985506805,49.782340896719205,33.420603869884474,5217.697994204324,5217.697994204324,5217.697994204324,5217.697994204324,5217.697994204324,5217.697994204324,5217.697994204324,5217.697994204324,5217.697994204324,5217.697994204324,5217.697994204324,5217.697994204324,5217.697994204324,5217.697994204324,5217.697994204324,5217.697994204324,5217.697994204324,5217.697994204324,5217.697994204324,5217.697994204324,55.68295615253592,44.508756121553226
1.2959146147536804,5.917576442129613,2.0834594709115266,1.791519011296186,0.3118462663177509,2.6012343451867195,2.7284065049041017,2.376495748047189,3.817253383758414,0.2262296287006847,1.4772768056073553,1.3105660548378233,6.145499017180518,1.1688843778756906,4.758098123698578,2.6990802808414522,2.3034388515783064,2.042184226380425,1.107216391698429,1.5101315619150837,75.6636524163151,56.927643011047095,60.48039802166356,70.86088293578266,89.86585855934007,64.45713655379596,55.487364931975634,57.603670551606214,61.24070094800936,115.67058724259641,77.24975354033114,88.66009803026989,38.96807234512097,66.4141482065428,52.96498913895611,75.93713517684272,62.21110297298094,77.80876778154082,97.48779735856102,55.51860735653554,5245.977863023299,5245.977863023299,5175.31553716411,5175.31553716411,5175.31553716411,5175.31553716411,5175.31553716411,5175.31553716411,5175.31553716411,5175.31553716411,5175.31553716411,5175.31553716411,5175.31553716411,5175.31553716411,5175.31553716411,5175.31553716411,5175.31553716411,5175.31553716411,5175.31553716411,5175.31553716411,31.631904087687474,10.319223491497976
2.150566594313038,2.6958160033073244,0.7994930308315983,5.099602612239428,2.327992372244285,1.3104152896147279,3.895290254541044,0.5282193819338182,0.5094455267893444,1.3181482665160371,5.232622026427903,3.9751010509581017,2.0414569043507376,1.894246123159031,1.588122468395973,4.71641394618921,0.1186125647531957,5.214047579581175,6.163332251928657,1.139299322737933,69.02552573938928,83.72250840359226,91.30260841158768,59.59965627953311,62.000747025490156,67.72993757094753,48.19764152351921,120.0,100.13970415089881,59.51030484480783,52.34110736312314,64.32855453336859,92.18076547812822,65.91768210221034,88.38486185854501,48.63778414450385,99.59253253946028,49.279652004045985,52.950721791232766,89.52045798932355,6075.707590800201,6075.707590800201,6075.707590800201,6075.707590800201,6075.707590800201,6075.707590800201,6075.707590800201,6075.707590800201,6075.707590800201,6075.707590800201,6075.707590800201,6075.707590800201,6075.707590800201,6075.707590800201,6075.707590800201,6075.707590800201,6075.707590800201,6075.707590800201,6075.707590800201,6075.707590800201,30.55548524161851,10.971793310780827
4.386752603478483,0.8516927803464819,1.437990678605169,4.3585330429122795,3.4982716117201695,5.858869441801783,0.9281936105933508,3.29381098156632,0.6987432136447674,1.6691700680711354,7.124246970282725,1.8627928928793256,0.6600047333702354,2.9217434363280996,0.6676378663135145,2.3896392396267134,4.097742129154994,4.436321096395225,0.9677175561966985,0.6319946504542396,60.214124789812395,90.39756927577021,81.89317463803015,64.76801667216606,74.98388426449638,41.659112607404715,106.82821602245573,68.80210078579952,109.70912992597101,101.18196538341181,39.22192927017804,61.30136180671241,114.19083393270617,73.43228944903457,67.6309336781813,63.948598878608585,52.211593437407764,60.04175578538469,102.1056446273044,78.53364214873278,5564.3178129452435,5564.3178129452435,5564.3178129452435,5564.3178129452435,5564.3178129452435,5564.3178129452435,5564.3178129452435,5564.3178129452435,5564.3178129452435,5564.3178129452435,5564.3178129452435,5564.3178129452435,5564.3178129452435,5564.3178129452435,5564.3178129452435,5564.3178129452435,5564.3178129452435,5564.3178129452435,5564.3178129452435,5564.3178129452435,97.48858046858477,76.27894234187717
8.657389564193512,3.707613479062841,2.5345280528139646,3.060751772853309,2.3976775714689125,0.7974397324979146,2.581126295684221,1.772064245846722,0.7243864341414448,1.400837412893988,2.289555090952134,3.534375096171653,1.6139734206429839,1.2519616577364516,2.2357141893320556,1.408299527314554,0.4833700758650615,3.3922793336529655,0.8533009426797796,1.1643063714838526,15.706695696542754,68.88132399237377,70.41077821803017,58.01067188618283,56.42020743516821,113.61244896260865,56.71026142098005,76.35173537757862,97.65347258615823,89.28398422257874,81.37253011061381,70.15516818436222,87.2199853075246,93.01263091756316,81.6476210333694,78.59867229304622,100.85031581229606,68.91361638775119,108.02994244245298,88.96343608863263,5679.200550821487,5679.200550821487,5679.200550821487,5679.200550821487,5679.200550821487,5679.200550821487,5679.200550821487,5679.200550821487,5679.200550821487,5679.200550821487,5679.200550821487,5679.200550821487,5679.200550821487,5679.200550821487,5679.200550821487,5679.200550821487,5679.200550821487,5679.200550821487,5679.200550821487,5679.200550821487,39.54910191371849,21.360153552139987
4.290991550333336,2.500669679479088,0.36960441069214167,7.762953858048365,1.188010921360913,0.5219821710726351,2.1499718516338286,4.453288396575682,2.1725905950178057,0.294153253307714,2.9144893069367783,1.6642284339180213,0.49687164091070846,3.251391963990236,3.638465642225795,1.8213196327456718,2.628569318820155,1.6255371070767353,0.48469716658335926,1.1940266888351216,65.10598390051278,60.744506045783424,114.02002059013445,28.749439640061237,74.19084870553313,113.16570170373468,71.24074087647006,49.881713570166134,71.07151882429322,87.93489628030711,54.11718535762786,91.22480865879817,120.0,58.51812010682091,65.12479813600083,86.42895332833919,72.92217262563162,65.77707290177923,109.50506265476048,80.72376803689684,5600.569517626837,5600.569517626837,5600.569517626837,5600.569517626837,5600.569517626837,5600.569517626837,5600.569517626837,5600.569517626837,5600.569517626837,5600.569517626837,5600.569517626837,5600.569517626837,5600.569517626837,5600.569517626837,5600.569517626837,5600.569517626837,5600.569517626837,5600.569517626837,5600.569517626837,5600.569517626837,31.896218598485888,8.697676562503212
3.8317531666513376,0.9230591233594101,2.2419498557700446,2.38334575344456,1.7026640489476277,3.966857638915279,0.23551557224065348,2.9622580841056245,2.9209074050991823,2.941038657418689,5.839668697188918,6.859322790957983,6.1789619184149105,6.141356178129048,3.929616757650999,1.208135516524675,4.146395010050046,3.898489554821578,0.2871128325600863,1.83720679327553,47.57829651326234,76.26749047461169,91.90738386534929,77.1153020494557,92.57520741314065,50.13584426979255,106.76846957197745,77.30689854463888,60.12844707897193,74.28704358535624,43.680881451112995,35.7796811133601,38.894227540236216,31.87819043342453,47.75311638056057,76.27530959255591,45.92162804652233,48.015404390106,87.3257908866978,67.60332962750553,5874.358249676577,5874.358249676577,5874.358249676577,5874.358249676577,5874.358249676577,5874.358249676577,5874.358249676577,5874.358249676577,5874.358249676577,5874.358249676577,5874.358249676577,5874.358249676577,5874.358249676577,5874.358249676577,5874.358249676577,5874.358249676577,5874.358249676577,5874.358249676577,5874.358249676577,5874.358249676577,45.652914399599666,31.799485150853357
1.4042518013480685,2.618437313690004,5.394360405537073,1.4217755278566844,1.0625817365895038,0.5746712254941249,1.082988788432474,3.485027000296211,2.100334392858384,2.861008603070346,2.4749078565522624,4.913177677946759,2.104482542696908,0.7532066055784089,0.5161334972683108,1.3556718708877233,6.467174319366181,2.3113600189322074,0.7886182358673377,2.986628754803183,64.85643707772253,59.564688943807305,30.907119377939452,94.39751853807921,88.3107718504561,107.88477079071032,69.25962599892176,56.21406796637392,75.94751743805145,51.295521505197726,77.87462133293923,48.02595926131299,64.11231061230839,87.15611616955887,86.97143543281813,65.09889028949426,45.43556222384021,87.06846580548076,104.60580864300553,60.31159172386478,5808.036305984906,5808.036305984906,5808.036305984906,5808.036305984906,5808.036305984906,5808.036305984906,5808.036305984906,5808.036305984906,5808.036305984906,5808.036305984906,5808.036305984906,5808.036305984906,5808.036305984906,5808.036305984906,5808.036305984906,5808.036305984906,5808.036305984906,5808.036305984906,5808.036305984906,5808.036305984906,89.72505139742891,77.28940644596656
2.862679048857652,6.164539602680887,2.2225948164965663,2.883430506791656,2.0059676164015428,4.230829376688821,0.651434658174003,0.3910185075037759,1.634863861246659,0.4585058037341804,1.672896715423306,1.0713117332539912,2.05237123015197,1.7615645126368171,0.9253741603891541,4.836170651756667,4.630474022421228,2.462479610310172,3.2598821098839585,7.205096205156737,49.602371450262545,38.36546995399175,60.91855108310292,52.88399954027696,70.43356502168933,48.03010115680543,103.03938418579531,91.22835844650116,75.72720615759621,120.0,75.57266880981408,79.76215808711052,72.91262827229995,87.07473066629485,96.55354078933621,60.71014183660472,63.57771565095624,62.26499613870655,60.052091362991256,34.53435898385575,5217.697994204324,5217.697994204324,5217.697994204324,5217.697994204324,5217.697994204324,5217.697994204324,5217.697994204324,5217.697994204324,5217.697994204324,5217.697994204324,5217.697994204324,5217.697994204324,5217.697994204324,5217.697994204324,5217.697994204324,5217.697994204324,5217.697994204324,5217.697994204324,5217.697994204324,5217.697994204324,59.73138987955588,42.93207273514246
1.6356342848876637,2.1289279877782317,6.735409492938529,0.8385334100060272,2.7698077112131823,4.42314613744379,3.734437666747675,1.0167056322845789,8.870015507356296,1.9377877454987478,2.1186054354426878,3.7934334025558765,2.778820920071513,0.6654920068057933,4.574092097649098,2.828526388304981,4.406099661880413,5.303211526823273,8.225660873501454,5.626837791085228,79.69371232385082,78.24054001280004,35.18711837660724,83.67542419636538,60.207993810098735,62.287651426161176,88.64876158112142,97.98822929943944,24.155705256864042,69.5770246474879,56.320180901271314,58.311688059538064,58.1245633317498,100.91732316558128,67.08149824214017,67.55936286536101,54.0249603383846,54.38997272612823,28.48840882617364,66.9383904172116,5395.170297171271,5395.170297171271,5395.170297171271,5395.170297171271,5395.170297171271,5395.170297171271,5395.170297171271,5395.170297171271,5395.170297171271,5395.170297171271,5395.170297171271,5395.170297171271,5395.170297171271,5395.170297171271,5395.170297171271,5395.170297171271,5395.170297171271,5395.170297171271,5395.170297171271,5395.170297171271,51.392784448822326,32.90669757834517
5.402914836525506,2.4954282775853938,3.7856084580108407,2.1429298535159416,0.9583376007477546,5.258420754199073,5.342853972319623,2.187221534164888,2.585683585521471,1.544228713398898,2.232690520403503,0.5638638107705846,2.0692891128599915,1.7163448881386754,3.8627834870569737,5.0003259700338845,0.1686529846422011,7.796749396201153,1.6179931276187247,8.116781120837087,40.7191710825389,71.22176810129451,55.66541224243088,82.62222364071552,81.53668044140315,60.90415978470247,45.144772175940865,72.35296359661456,78.48206516038638,67.89834424401505,59.433536198677395,99.26574389940282,67.43616311466424,88.27151669583293,60.077821570673706,53.090563856755246,119.33195229765586,23.529294429121364,97.86600008761879,30.13910365072255,5595.0407499195235,5595.0407499195235,5595.0407499195235,5595.0407499195235,5595.0407499195235,5595.0407499195235,5595.0407499195235,5595.0407499195235,5595.0407499195235,5595.0407499195235,5595.0407499195235,5595.0407499195235,5595.0407499195235,5595.0407499195235,5595.0407499195235,5595.0407499195235,5595.0407499195235,5595.0407499195235,5595.0407499195235,5595.0407499195235,64.81729182197459,45.13762401627692
5.456480771178656,0.4174527462118891,3.4976429894768186,5.442687868709987,5.4854690931356584,1.1915553717196632,0.46174226529040324,1.2324770123275381,3.596387786076717,6.843980106534963,2.5315521635012384,2.546393264554874,5.393544313503662,6.0758689499271,3.8622176128509356,1.657730995815358,0.6601465904410847,4.758067480028315,2.583586951623888,5.397906748346162,47.98965585920207,78.83045915331557,61.470712223978886,44.18419523249462,52.90796980923202,96.15389538146545,106.35647407217041,80.80712809308076,50.342758010743566,38.734330735936474,59.61367930636407,79.61652347792472,33.527240138161226,42.25743624437784,63.40462518332872,75.34311662480108,105.7010616248611,50.533251209529766,88.2541238898996,35.66042868390916,5439.733110410173,5439.733110410173,5439.733110410173,5439.733110410173,5439.733110410173,5439.733110410173,5439.733110410173,5439.733110410173,5439.733110410173,5439.733110410173,5439.733110410173,5439.733110410173,5439.733110410173,5439.733110410173,5186.745381625381,5186.745381625381,5186.745381625381,5186.745381625381,5186.745381625381,5186.745381625381,75.80438785428005,48.895656485395726
2.8295165131591804,0.6755899762844971,5.0070201262366085,2.203147071415886,2.110989664439964,1.597099988155762,2.992155451630159,3.6374531204171774,2.7705523430728234,0.5009023006743615,10.81828212659838,2.065064040468028,3.235999801756172,2.1643350384609614,1.8140549728866642,1.1037768453027845,3.4447832495990722,0.7411734704743157,1.614199138340028,4.029335151369573,55.78038208928995,120.0,55.28071621268268,81.04792969467194,81.9239976724548,76.94964391932947,82.99328389484845,60.80098814798716,58.66453420470168,110.5498988762592,14.57144104020435,67.94910901142917,63.542088004212864,66.68300837650027,56.67012549416525,83.19190321182086,68.23486672512746,92.80237950940352,83.74108827768393,68.8872107519697,5565.168879349411,5565.168879349411,5565.168879349411,5565.168879349411,5565.168879349411,5565.168879349411,5565.168879349411,5565.168879349411,5565.168879349411,5565.168879349411,5565.168879349411,5565.168879349411,5565.168879349411,5565.168879349411,5565.168879349411,5565.168879349411,5565.168879349411,5565.168879349411,5565.168879349411,5565.168879349411,49.508513003852315,40.61289460176268
3.5405978360396184,3.477865343292099,5.360948790305577,0.5451977391888319,6.149098666340012,4.261589385651103,0.1898697975311059,2.093426497168629,3.0224369183639452,3.4484321963404554,1.9823393624737664,2.83523382834467,0.7997463223727707,3.7618292314811845,2.814944076882692,0.9032686234845937,2.648608556912647,2.1941718147442058,0.5867130691388869,1.943502985305713,47.173582413443555,60.882454339319544,51.78844406458889,77.98179123583643,40.228499742070575,28.557532107619945,120.0,79.13947261893573,61.84269787392453,44.614723936678544,73.56858373454052,61.03147134870732,111.09220396771086,67.47982136445698,75.37333885491961,81.5807347551205,91.90920358147663,73.02220181819622,98.65885879133654,66.06310099795839,6291.427723560474,6291.427723560474,6291.427723560474,6291.427723560474,6291.427723560474,6291.427723560474,6291.427723560474,6291.427723560474,6291.427723560474,6291.427723560474,6291.427723560474,6291.427723560474,6291.427723560474,6291.427723560474,6291.427723560474,6291.427723560474,6291.427723560474,6291.427723560474,6291.427723560474,6291.427723560474,76.89352750995988,50.75764558496912
1.7136274239806095,1.3664110764854234,6.542281713039996,2.6085363006699387,2.5985722825218254,2.432825981543147,2.1595604153363404,3.450582505565438,0.663620116819824,0.39479655712830036,1.2860002396646368,0.715114064868381,1.061768006287099,2.473185981120727,1.7508884432104026,3.1282284624198806,3.624589104829326,1.8912886176361121,1.863897821340951,2.7629970246088686,96.76462394103757,75.02602813394437,50.31977467836298,57.82873206592802,89.7722504954991,88.28696550086494,58.98638784823047,73.11187830922611,74.95765638064672,109.03132650962858,92.2877868652448,83.14443149611009,93.06075322120931,71.3574984263879,88.44466088953695,55.40616903886945,57.92483107912311,75.86962756383909,99.96591533963672,49.158585452232494,6109.53190503099,6109.53190503099,6109.53190503099,6109.53190503099,6109.53190503099,6109.53190503099,6109.53190503099,6109.53190503099,6109.53190503099,6109.53190503099,6109.53190503099,6109.53190503099,6109.53190503099,6109.53190503099,6109.53190503099,6109.53190503099,6109.53190503099,6109.53190503099,6109.53190503099,6109.53190503099,18.48467161293662,8.054504190601923
